{"v":"5.1.16","fr":24,"ip":0,"op":24,"w":800,"h":800,"nm":"Loader layers","ddd":0,"assets":[{"id":"comp_0","layers":[{"ddd":0,"ind":1,"ty":4,"nm":"Barra 1_2 Outlines","sr":1,"ks":{"o":{"a":0,"k":100,"ix":11},"r":{"a":0,"k":0,"ix":10},"p":{"a":1,"k":[{"i":{"x":0.337,"y":1},"o":{"x":0.666,"y":0},"n":"0p337_1_0p666_0","t":0,"s":[965.614,612.742,0],"e":[476.114,329.242,0],"to":[-81.5833358764648,-47.25,0],"ti":[81.5833358764648,47.25,0]},{"t":24}],"ix":2},"a":{"a":0,"k":[225.42,182.342,0],"ix":1},"s":{"a":0,"k":[100,100,100],"ix":6}},"ao":0,"shapes":[{"ty":"gr","it":[{"ind":0,"ty":"sh","ix":1,"ks":{"a":0,"k":{"i":[[0.042,0],[0,0],[3.166,1.831],[0,0],[0,0],[0,0],[0.86,-1.485],[0.046,-0.523],[0,0],[7.071,0.019],[0,0],[0.476,-0.812],[-1.037,-0.598],[0,0],[0,0],[0,0],[0,0]],"o":[[0,0],[0,-4.577],[0,0],[0,0],[0,0],[-1.532,-0.878],[-0.27,0.467],[0,0],[0,6.501],[0,0],[-0.71,-0.057],[-0.635,1.112],[0,0],[0,0],[0,0],[0,0],[-0.042,0]],"v":[[187.732,33.693],[187.732,31.508],[181.894,21.056],[170.681,14.581],[170.684,14.577],[-118.966,-152.648],[-123.17,-151.518],[-123.571,-150.023],[-123.562,-79.62],[-135.855,-67.346],[-185.176,-67.307],[-187.222,-66.188],[-186.4,-63.113],[76.399,89.008],[187.709,153.44],[187.857,153.526],[187.857,33.693]],"c":true},"ix":2},"nm":"Path 1","mn":"ADBE Vector Shape - Group","hd":false},{"ty":"fl","c":{"a":0,"k":[0.642999985639,0.779999976065,0.243000000598,1],"ix":4},"o":{"a":0,"k":100,"ix":5},"r":1,"nm":"Fill 1","mn":"ADBE Vector Graphic - Fill","hd":false},{"ty":"tr","p":{"a":0,"k":[262.734,210.907],"ix":2},"a":{"a":0,"k":[0,0],"ix":1},"s":{"a":0,"k":[100,100],"ix":3},"r":{"a":0,"k":0,"ix":6},"o":{"a":0,"k":100,"ix":7},"sk":{"a":0,"k":0,"ix":4},"sa":{"a":0,"k":0,"ix":5},"nm":"Transform"}],"nm":"Group 1","np":2,"cix":2,"ix":1,"mn":"ADBE Vector Group","hd":false},{"ty":"gr","it":[{"ind":0,"ty":"sh","ix":1,"ks":{"a":0,"k":{"i":[[0.635,-0.009],[0,-1.98],[0,0],[-3.382,0],[0,0],[0,6.558],[0,0],[3.728,2.13],[0,0]],"o":[[-1.382,-0.009],[0,0],[0,3.531],[0,0],[7.09,0],[0,0],[0,-4.409],[0,0],[-0.383,-0.215]],"v":[[-46.533,-51.802],[-49.607,-48.747],[-49.607,45.692],[-43.423,51.81],[37.285,51.81],[49.607,39.536],[49.484,10.271],[43.385,-0.341],[-45.066,-51.438]],"c":true},"ix":2},"nm":"Path 1","mn":"ADBE Vector Shape - Group","hd":false},{"ty":"fl","c":{"a":0,"k":[0.642999985639,0.779999976065,0.243000000598,1],"ix":4},"o":{"a":0,"k":100,"ix":5},"r":1,"nm":"Fill 1","mn":"ADBE Vector Graphic - Fill","hd":false},{"ty":"tr","p":{"a":0,"k":[49.856,52.06],"ix":2},"a":{"a":0,"k":[0,0],"ix":1},"s":{"a":0,"k":[100,100],"ix":3},"r":{"a":0,"k":0,"ix":6},"o":{"a":0,"k":100,"ix":7},"sk":{"a":0,"k":0,"ix":4},"sa":{"a":0,"k":0,"ix":5},"nm":"Transform"}],"nm":"Group 2","np":2,"cix":2,"ix":2,"mn":"ADBE Vector Group","hd":false}],"ip":0,"op":48,"st":0,"bm":0},{"ddd":0,"ind":2,"ty":4,"nm":"Mascara","td":1,"sr":1,"ks":{"o":{"a":0,"k":100,"ix":11},"r":{"a":0,"k":0,"ix":10},"p":{"a":0,"k":[250.75,173.632,0],"ix":2},"a":{"a":0,"k":[-187.5,-226.368,0],"ix":1},"s":{"a":0,"k":[-647.387,958.77,100],"ix":6}},"ao":0,"shapes":[{"ty":"gr","it":[{"ty":"rc","d":1,"s":{"a":0,"k":[37.865,54.264],"ix":2},"p":{"a":0,"k":[0,0],"ix":3},"r":{"a":0,"k":0,"ix":4},"nm":"Rectangle Path 1","mn":"ADBE Vector Shape - Rect","hd":false},{"ty":"fl","c":{"a":0,"k":[1,1,1,1],"ix":4},"o":{"a":0,"k":100,"ix":5},"r":1,"nm":"Fill 1","mn":"ADBE Vector Graphic - Fill","hd":false},{"ty":"tr","p":{"a":0,"k":[-168.567,-226.368],"ix":2},"a":{"a":0,"k":[0,0],"ix":1},"s":{"a":0,"k":[100,100],"ix":3},"r":{"a":0,"k":0,"ix":6},"o":{"a":0,"k":100,"ix":7},"sk":{"a":0,"k":0,"ix":4},"sa":{"a":0,"k":0,"ix":5},"nm":"Transform"}],"nm":"Rectangle 1","np":3,"cix":2,"ix":1,"mn":"ADBE Vector Group","hd":false}],"ip":0,"op":48,"st":0,"bm":0},{"ddd":0,"ind":3,"ty":4,"nm":"Barra 1_1 Outlines","parent":1,"tt":2,"sr":1,"ks":{"o":{"a":0,"k":100,"ix":11},"r":{"a":0,"k":0,"ix":10},"p":{"a":0,"k":[-264.08,-101.158,0],"ix":2},"a":{"a":0,"k":[225.42,182.342,0],"ix":1},"s":{"a":0,"k":[100,100,100],"ix":6}},"ao":0,"shapes":[{"ty":"gr","it":[{"ind":0,"ty":"sh","ix":1,"ks":{"a":0,"k":{"i":[[0.042,0],[0,0],[3.166,1.831],[0,0],[0,0],[0,0],[0.86,-1.485],[0.046,-0.523],[0,0],[7.071,0.019],[0,0],[0.476,-0.812],[-1.037,-0.598],[0,0],[0,0],[0,0],[0,0]],"o":[[0,0],[0,-4.577],[0,0],[0,0],[0,0],[-1.532,-0.878],[-0.27,0.467],[0,0],[0,6.501],[0,0],[-0.71,-0.057],[-0.635,1.112],[0,0],[0,0],[0,0],[0,0],[-0.042,0]],"v":[[187.732,33.693],[187.732,31.508],[181.894,21.056],[170.681,14.581],[170.684,14.577],[-118.966,-152.648],[-123.17,-151.518],[-123.571,-150.023],[-123.562,-79.62],[-135.855,-67.346],[-185.176,-67.307],[-187.222,-66.188],[-186.4,-63.113],[76.399,89.008],[187.709,153.44],[187.857,153.526],[187.857,33.693]],"c":true},"ix":2},"nm":"Path 1","mn":"ADBE Vector Shape - Group","hd":false},{"ty":"fl","c":{"a":0,"k":[0.642999985639,0.779999976065,0.243000000598,1],"ix":4},"o":{"a":0,"k":100,"ix":5},"r":1,"nm":"Fill 1","mn":"ADBE Vector Graphic - Fill","hd":false},{"ty":"tr","p":{"a":0,"k":[262.734,210.907],"ix":2},"a":{"a":0,"k":[0,0],"ix":1},"s":{"a":0,"k":[100,100],"ix":3},"r":{"a":0,"k":0,"ix":6},"o":{"a":0,"k":100,"ix":7},"sk":{"a":0,"k":0,"ix":4},"sa":{"a":0,"k":0,"ix":5},"nm":"Transform"}],"nm":"Group 1","np":2,"cix":2,"ix":1,"mn":"ADBE Vector Group","hd":false},{"ty":"gr","it":[{"ind":0,"ty":"sh","ix":1,"ks":{"a":0,"k":{"i":[[0.635,-0.009],[0,-1.98],[0,0],[-3.382,0],[0,0],[0,6.558],[0,0],[3.728,2.13],[0,0]],"o":[[-1.382,-0.009],[0,0],[0,3.531],[0,0],[7.09,0],[0,0],[0,-4.409],[0,0],[-0.383,-0.215]],"v":[[-46.533,-51.802],[-49.607,-48.747],[-49.607,45.692],[-43.423,51.81],[37.285,51.81],[49.607,39.536],[49.484,10.271],[43.385,-0.341],[-45.066,-51.438]],"c":true},"ix":2},"nm":"Path 1","mn":"ADBE Vector Shape - Group","hd":false},{"ty":"fl","c":{"a":0,"k":[0.642999985639,0.779999976065,0.243000000598,1],"ix":4},"o":{"a":0,"k":100,"ix":5},"r":1,"nm":"Fill 1","mn":"ADBE Vector Graphic - Fill","hd":false},{"ty":"tr","p":{"a":0,"k":[49.856,52.06],"ix":2},"a":{"a":0,"k":[0,0],"ix":1},"s":{"a":0,"k":[100,100],"ix":3},"r":{"a":0,"k":0,"ix":6},"o":{"a":0,"k":100,"ix":7},"sk":{"a":0,"k":0,"ix":4},"sa":{"a":0,"k":0,"ix":5},"nm":"Transform"}],"nm":"Group 2","np":2,"cix":2,"ix":2,"mn":"ADBE Vector Group","hd":false}],"ip":0,"op":48,"st":0,"bm":0}]}],"layers":[{"ddd":0,"ind":1,"ty":4,"nm":"Trianqulo interno Outlines","sr":1,"ks":{"o":{"a":0,"k":100,"ix":11},"r":{"a":0,"k":0,"ix":10},"p":{"a":0,"k":[338.237,400.65,0],"ix":2},"a":{"a":0,"k":[87.459,100.041,0],"ix":1},"s":{"a":0,"k":[100,100,100],"ix":6}},"ao":0,"shapes":[{"ty":"gr","it":[{"ind":0,"ty":"sh","ix":1,"ks":{"a":0,"k":{"i":[[0,4.987],[0,0],[-2.951,0],[-1.027,-0.589],[0,0],[4.185,-2.364],[0,0]],"o":[[0,0],[0,-3.877],[1.009,0],[0,0],[4.232,2.494],[0,0],[-3.69,2.28]],"v":[[-87.209,92.197],[-87.209,-93.655],[-81.063,-99.792],[-77.943,-98.951],[82.977,-6.082],[82.921,4.512],[-78.073,97.512]],"c":true},"ix":2},"nm":"Path 1","mn":"ADBE Vector Shape - Group","hd":false},{"ty":"fl","c":{"a":0,"k":[0.642999985639,0.779999976065,0.243000000598,1],"ix":4},"o":{"a":0,"k":100,"ix":5},"r":1,"nm":"Fill 1","mn":"ADBE Vector Graphic - Fill","hd":false},{"ty":"tr","p":{"a":0,"k":[87.459,100.042],"ix":2},"a":{"a":0,"k":[0,0],"ix":1},"s":{"a":0,"k":[100,100],"ix":3},"r":{"a":0,"k":0,"ix":6},"o":{"a":0,"k":100,"ix":7},"sk":{"a":0,"k":0,"ix":4},"sa":{"a":0,"k":0,"ix":5},"nm":"Transform"}],"nm":"Group 1","np":2,"cix":2,"ix":1,"mn":"ADBE Vector Group","hd":false}],"ip":0,"op":240,"st":0,"bm":0},{"ddd":0,"ind":2,"ty":4,"nm":"Máscara 2 Outlines","td":1,"sr":1,"ks":{"o":{"a":0,"k":100,"ix":11},"r":{"a":0,"k":0,"ix":10},"p":{"a":0,"k":[402.224,402.294,0],"ix":2},"a":{"a":0,"k":[302.474,343.855,0],"ix":1},"s":{"a":0,"k":[100,100,100],"ix":6}},"ao":0,"shapes":[{"ty":"gr","it":[{"ind":0,"ty":"sh","ix":1,"ks":{"a":0,"k":{"i":[[15.357,8.865],[0,0],[0.219,0.068],[0,0],[0,0],[0,0],[6.408,0.037],[0,-17.721],[0,0],[0,0],[0,0],[0,0],[0,0],[-3.167,-5.578],[-15.357,8.866],[0,0],[0,0],[-0.002,0.002],[0,0],[-3.242,5.531]],"o":[[0,0],[-0.212,-0.121],[0,0],[0,0],[0,0],[-4.334,-2.494],[-17.486,0],[0,0],[0,0],[0,0],[0,0],[0,0],[0.018,5.017],[8.752,15.132],[0,0],[0,0],[0.002,-0.002],[0,0],[4.325,-2.521],[8.734,-15.132]],"v":[[281.888,-29.91],[-7.762,-197.136],[-8.41,-197.414],[-217.325,-317.903],[-217.325,-317.901],[-254.173,-339.177],[-270.389,-343.606],[-302.223,-311.836],[-302.207,-16.087],[-302.223,-16.028],[-302.223,276.973],[-302.219,276.972],[-302.223,306.79],[-297.945,323.065],[-254.509,334.739],[-64.392,224.97],[224.088,58.534],[224.095,58.53],[281.552,25.379],[293.49,13.535]],"c":true},"ix":2},"nm":"Path 1","mn":"ADBE Vector Shape - Group","hd":false},{"ty":"fl","c":{"a":0,"k":[0.642999985639,0.779999976065,0.243000000598,1],"ix":4},"o":{"a":0,"k":100,"ix":5},"r":1,"nm":"Fill 1","mn":"ADBE Vector Graphic - Fill","hd":false},{"ty":"tr","p":{"a":0,"k":[302.474,343.855],"ix":2},"a":{"a":0,"k":[0,0],"ix":1},"s":{"a":0,"k":[100,100],"ix":3},"r":{"a":0,"k":0,"ix":6},"o":{"a":0,"k":100,"ix":7},"sk":{"a":0,"k":0,"ix":4},"sa":{"a":0,"k":0,"ix":5},"nm":"Transform"}],"nm":"Group 1","np":2,"cix":2,"ix":1,"mn":"ADBE Vector Group","hd":false}],"ip":0,"op":240,"st":0,"bm":0},{"ddd":0,"ind":3,"ty":0,"nm":"Barra 2","tt":1,"refId":"comp_0","sr":1,"ks":{"o":{"a":0,"k":100,"ix":11},"r":{"a":0,"k":-240,"ix":10},"p":{"a":0,"k":[265.75,477.5,0],"ix":2},"a":{"a":0,"k":[400,400,0],"ix":1},"s":{"a":0,"k":[100,100,100],"ix":6}},"ao":0,"w":800,"h":800,"ip":0,"op":240,"st":0,"bm":0},{"ddd":0,"ind":4,"ty":4,"nm":"Máscara 2 Outlines 2","td":1,"sr":1,"ks":{"o":{"a":0,"k":100,"ix":11},"r":{"a":0,"k":0,"ix":10},"p":{"a":0,"k":[402.224,402.294,0],"ix":2},"a":{"a":0,"k":[302.474,343.855,0],"ix":1},"s":{"a":0,"k":[100,100,100],"ix":6}},"ao":0,"shapes":[{"ty":"gr","it":[{"ind":0,"ty":"sh","ix":1,"ks":{"a":0,"k":{"i":[[15.357,8.865],[0,0],[0.219,0.068],[0,0],[0,0],[0,0],[6.408,0.037],[0,-17.721],[0,0],[0,0],[0,0],[0,0],[0,0],[-3.167,-5.578],[-15.357,8.866],[0,0],[0,0],[-0.002,0.002],[0,0],[-3.242,5.531]],"o":[[0,0],[-0.212,-0.121],[0,0],[0,0],[0,0],[-4.334,-2.494],[-17.486,0],[0,0],[0,0],[0,0],[0,0],[0,0],[0.018,5.017],[8.752,15.132],[0,0],[0,0],[0.002,-0.002],[0,0],[4.325,-2.521],[8.734,-15.132]],"v":[[281.888,-29.91],[-7.762,-197.136],[-8.41,-197.414],[-217.325,-317.903],[-217.325,-317.901],[-254.173,-339.177],[-270.389,-343.606],[-302.223,-311.836],[-302.207,-16.087],[-302.223,-16.028],[-302.223,276.973],[-302.219,276.972],[-302.223,306.79],[-297.945,323.065],[-254.509,334.739],[-64.392,224.97],[224.088,58.534],[224.095,58.53],[281.552,25.379],[293.49,13.535]],"c":true},"ix":2},"nm":"Path 1","mn":"ADBE Vector Shape - Group","hd":false},{"ty":"fl","c":{"a":0,"k":[0.642999985639,0.779999976065,0.243000000598,1],"ix":4},"o":{"a":0,"k":100,"ix":5},"r":1,"nm":"Fill 1","mn":"ADBE Vector Graphic - Fill","hd":false},{"ty":"tr","p":{"a":0,"k":[302.474,343.855],"ix":2},"a":{"a":0,"k":[0,0],"ix":1},"s":{"a":0,"k":[100,100],"ix":3},"r":{"a":0,"k":0,"ix":6},"o":{"a":0,"k":100,"ix":7},"sk":{"a":0,"k":0,"ix":4},"sa":{"a":0,"k":0,"ix":5},"nm":"Transform"}],"nm":"Group 1","np":2,"cix":2,"ix":1,"mn":"ADBE Vector Group","hd":false}],"ip":0,"op":240,"st":0,"bm":0},{"ddd":0,"ind":5,"ty":0,"nm":"Barra 3","tt":1,"refId":"comp_0","sr":1,"ks":{"o":{"a":0,"k":100,"ix":11},"r":{"a":0,"k":-120,"ix":10},"p":{"a":0,"k":[266.75,322.5,0],"ix":2},"a":{"a":0,"k":[400,400,0],"ix":1},"s":{"a":0,"k":[100,100,100],"ix":6}},"ao":0,"w":800,"h":800,"ip":0,"op":240,"st":0,"bm":0},{"ddd":0,"ind":6,"ty":4,"nm":"Máscara 2 Outlines 3","td":1,"sr":1,"ks":{"o":{"a":0,"k":100,"ix":11},"r":{"a":0,"k":0,"ix":10},"p":{"a":0,"k":[402.224,402.294,0],"ix":2},"a":{"a":0,"k":[302.474,343.855,0],"ix":1},"s":{"a":0,"k":[100,100,100],"ix":6}},"ao":0,"shapes":[{"ty":"gr","it":[{"ind":0,"ty":"sh","ix":1,"ks":{"a":0,"k":{"i":[[15.357,8.865],[0,0],[0.219,0.068],[0,0],[0,0],[0,0],[6.408,0.037],[0,-17.721],[0,0],[0,0],[0,0],[0,0],[0,0],[-3.167,-5.578],[-15.357,8.866],[0,0],[0,0],[-0.002,0.002],[0,0],[-3.242,5.531]],"o":[[0,0],[-0.212,-0.121],[0,0],[0,0],[0,0],[-4.334,-2.494],[-17.486,0],[0,0],[0,0],[0,0],[0,0],[0,0],[0.018,5.017],[8.752,15.132],[0,0],[0,0],[0.002,-0.002],[0,0],[4.325,-2.521],[8.734,-15.132]],"v":[[281.888,-29.91],[-7.762,-197.136],[-8.41,-197.414],[-217.325,-317.903],[-217.325,-317.901],[-254.173,-339.177],[-270.389,-343.606],[-302.223,-311.836],[-302.207,-16.087],[-302.223,-16.028],[-302.223,276.973],[-302.219,276.972],[-302.223,306.79],[-297.945,323.065],[-254.509,334.739],[-64.392,224.97],[224.088,58.534],[224.095,58.53],[281.552,25.379],[293.49,13.535]],"c":true},"ix":2},"nm":"Path 1","mn":"ADBE Vector Shape - Group","hd":false},{"ty":"fl","c":{"a":0,"k":[0.642999985639,0.779999976065,0.243000000598,1],"ix":4},"o":{"a":0,"k":100,"ix":5},"r":1,"nm":"Fill 1","mn":"ADBE Vector Graphic - Fill","hd":false},{"ty":"tr","p":{"a":0,"k":[302.474,343.855],"ix":2},"a":{"a":0,"k":[0,0],"ix":1},"s":{"a":0,"k":[100,100],"ix":3},"r":{"a":0,"k":0,"ix":6},"o":{"a":0,"k":100,"ix":7},"sk":{"a":0,"k":0,"ix":4},"sa":{"a":0,"k":0,"ix":5},"nm":"Transform"}],"nm":"Group 1","np":2,"cix":2,"ix":1,"mn":"ADBE Vector Group","hd":false}],"ip":0,"op":240,"st":0,"bm":0},{"ddd":0,"ind":7,"ty":0,"nm":"Barra 1","tt":1,"refId":"comp_0","sr":1,"ks":{"o":{"a":0,"k":100,"ix":11},"r":{"a":0,"k":0,"ix":10},"p":{"a":0,"k":[400,400,0],"ix":2},"a":{"a":0,"k":[400,400,0],"ix":1},"s":{"a":0,"k":[100,100,100],"ix":6}},"ao":0,"w":800,"h":800,"ip":0,"op":240,"st":0,"bm":0}],"markers":[]}